{
  "teams": {
    "Thunder": {
      "full": 120.5,
      "fullRank": 1,
      "fullHome": 120.3,
      "fullHomeRank": 1,
      "fullAway": 120.7,
      "fullAwayRank": 1,
      "q1": 30.8,
      "q1Rank": 3,
      "q1Home": 30.6,
      "q1HomeRank": 3,
      "q1Away": 31.1,
      "q1AwayRank": 3,
      "half": 59.8,
      "halfRank": 6,
      "halfHome": 60.4,
      "halfHomeRank": 6,
      "halfAway": 59.1,
      "halfAwayRank": 6,
      "pace": 104,
      "paceRank": 15,
      "oppPpg": 107.6,
      "oppPpgRank": 1,
      "oppPpgHome": 107,
      "oppPpgHomeRank": 1,
      "oppPpgAway": 108.4,
      "oppPpgAwayRank": 1,
      "oppQ1": 26.5,
      "oppQ1Rank": 1,
      "oppHalf": 53.3,
      "oppHalfRank": 1
    },
    "Nuggets": {
      "full": 120.4,
      "fullRank": 2,
      "fullHome": 119.5,
      "fullHomeRank": 2,
      "fullAway": 121.1,
      "fullAwayRank": 2,
      "q1": 30.4,
      "q1Rank": 6,
      "q1Home": 31.3,
      "q1HomeRank": 6,
      "q1Away": 29.7,
      "q1AwayRank": 6,
      "half": 60.1,
      "halfRank": 5,
      "halfHome": 60.9,
      "halfHomeRank": 5,
      "halfAway": 59.4,
      "halfAwayRank": 5,
      "pace": 102,
      "paceRank": 23,
      "oppPpg": 116,
      "oppPpgRank": 17,
      "oppPpgHome": 116,
      "oppPpgHomeRank": 17,
      "oppPpgAway": 116.1,
      "oppPpgAwayRank": 17,
      "oppQ1": 28.3,
      "oppQ1Rank": 9,
      "oppHalf": 56.5,
      "oppHalfRank": 8
    },
    "Heat": {
      "full": 119.8,
      "fullRank": 3,
      "fullHome": 121.9,
      "fullHomeRank": 3,
      "fullAway": 118,
      "fullAwayRank": 3,
      "q1": 31.7,
      "q1Rank": 1,
      "q1Home": 30.5,
      "q1HomeRank": 1,
      "q1Away": 32.8,
      "q1AwayRank": 1,
      "half": 62.1,
      "halfRank": 1,
      "halfHome": 61.2,
      "halfHomeRank": 1,
      "halfAway": 62.9,
      "halfAwayRank": 1,
      "pace": 107.7,
      "paceRank": 1,
      "oppPpg": 118.4,
      "oppPpgRank": 24,
      "oppPpgHome": 118,
      "oppPpgHomeRank": 24,
      "oppPpgAway": 118.7,
      "oppPpgAwayRank": 24,
      "oppQ1": 29.6,
      "oppQ1Rank": 17,
      "oppHalf": 59.2,
      "oppHalfRank": 20
    },
    "Cavaliers": {
      "full": 119.2,
      "fullRank": 4,
      "fullHome": 118.7,
      "fullHomeRank": 4,
      "fullAway": 120,
      "fullAwayRank": 4,
      "q1": 29.7,
      "q1Rank": 11,
      "q1Home": 28.7,
      "q1HomeRank": 11,
      "q1Away": 31.1,
      "q1AwayRank": 11,
      "half": 58,
      "halfRank": 17,
      "halfHome": 57.5,
      "halfHomeRank": 17,
      "halfAway": 58.7,
      "halfAwayRank": 17,
      "pace": 104.9,
      "paceRank": 9,
      "oppPpg": 116.1,
      "oppPpgRank": 18,
      "oppPpgHome": 115.7,
      "oppPpgHomeRank": 18,
      "oppPpgAway": 116.7,
      "oppPpgAwayRank": 18,
      "oppQ1": 28.6,
      "oppQ1Rank": 11,
      "oppHalf": 58.8,
      "oppHalfRank": 17
    },
    "Timberwolves": {
      "full": 119,
      "fullRank": 5,
      "fullHome": 114.3,
      "fullHomeRank": 5,
      "fullAway": 123.6,
      "fullAwayRank": 5,
      "q1": 29,
      "q1Rank": 20,
      "q1Home": 28.6,
      "q1HomeRank": 20,
      "q1Away": 29.3,
      "q1AwayRank": 20,
      "half": 57.7,
      "halfRank": 19,
      "halfHome": 57.8,
      "halfHomeRank": 19,
      "halfAway": 57.6,
      "halfAwayRank": 19,
      "pace": 105,
      "paceRank": 7,
      "oppPpg": 114.1,
      "oppPpgRank": 11,
      "oppPpgHome": 109,
      "oppPpgHomeRank": 11,
      "oppPpgAway": 119.3,
      "oppPpgAwayRank": 11,
      "oppQ1": 28.5,
      "oppQ1Rank": 10,
      "oppHalf": 56.6,
      "oppHalfRank": 9
    },
    "Jazz": {
      "full": 118.8,
      "fullRank": 6,
      "fullHome": 122.7,
      "fullHomeRank": 6,
      "fullAway": 114.2,
      "fullAwayRank": 6,
      "q1": 29.4,
      "q1Rank": 15,
      "q1Home": 32.6,
      "q1HomeRank": 15,
      "q1Away": 25.7,
      "q1AwayRank": 15,
      "half": 57.7,
      "halfRank": 20,
      "halfHome": 61.3,
      "halfHomeRank": 20,
      "halfAway": 53.5,
      "halfAwayRank": 20,
      "pace": 106.7,
      "paceRank": 2,
      "oppPpg": 127.8,
      "oppPpgRank": 30,
      "oppPpgHome": 129.8,
      "oppPpgHomeRank": 30,
      "oppPpgAway": 125.5,
      "oppPpgAwayRank": 30,
      "oppQ1": 32.9,
      "oppQ1Rank": 30,
      "oppHalf": 64,
      "oppHalfRank": 30
    },
    "Hawks": {
      "full": 117.7,
      "fullRank": 7,
      "fullHome": 116.9,
      "fullHomeRank": 7,
      "fullAway": 118.4,
      "fullAwayRank": 7,
      "q1": 30.2,
      "q1Rank": 7,
      "q1Home": 30.5,
      "q1HomeRank": 7,
      "q1Away": 29.9,
      "q1AwayRank": 7,
      "half": 59.4,
      "halfRank": 9,
      "halfHome": 58.1,
      "halfHomeRank": 9,
      "halfAway": 60.4,
      "halfAwayRank": 9,
      "pace": 106,
      "paceRank": 4,
      "oppPpg": 118.4,
      "oppPpgRank": 25,
      "oppPpgHome": 119.1,
      "oppPpgHomeRank": 25,
      "oppPpgAway": 117.9,
      "oppPpgAwayRank": 25,
      "oppQ1": 29.7,
      "oppQ1Rank": 19,
      "oppHalf": 59.7,
      "oppHalfRank": 24
    },
    "Bulls": {
      "full": 117.7,
      "fullRank": 8,
      "fullHome": 116.2,
      "fullHomeRank": 8,
      "fullAway": 119.4,
      "fullAwayRank": 8,
      "q1": 29.4,
      "q1Rank": 16,
      "q1Home": 30.9,
      "q1HomeRank": 16,
      "q1Away": 27.7,
      "q1AwayRank": 16,
      "half": 58.1,
      "halfRank": 16,
      "halfHome": 58.6,
      "halfHomeRank": 16,
      "halfAway": 57.5,
      "halfAwayRank": 16,
      "pace": 104.8,
      "paceRank": 12,
      "oppPpg": 119.8,
      "oppPpgRank": 26,
      "oppPpgHome": 117.1,
      "oppPpgHomeRank": 26,
      "oppPpgAway": 122.8,
      "oppPpgAwayRank": 26,
      "oppQ1": 30.8,
      "oppQ1Rank": 25,
      "oppHalf": 59.2,
      "oppHalfRank": 21
    },
    "Knicks": {
      "full": 117.6,
      "fullRank": 9,
      "fullHome": 118.8,
      "fullHomeRank": 9,
      "fullAway": 116.5,
      "fullAwayRank": 9,
      "q1": 30.1,
      "q1Rank": 9,
      "q1Home": 31,
      "q1HomeRank": 9,
      "q1Away": 29.2,
      "q1AwayRank": 9,
      "half": 59.7,
      "halfRank": 7,
      "halfHome": 59.7,
      "halfHomeRank": 7,
      "halfAway": 59.7,
      "halfAwayRank": 7,
      "pace": 101.4,
      "paceRank": 27,
      "oppPpg": 112.6,
      "oppPpgRank": 8,
      "oppPpgHome": 109.2,
      "oppPpgHomeRank": 8,
      "oppPpgAway": 116.1,
      "oppPpgAwayRank": 8,
      "oppQ1": 29.1,
      "oppQ1Rank": 13,
      "oppHalf": 57.8,
      "oppHalfRank": 13
    },
    "Pistons": {
      "full": 117.2,
      "fullRank": 10,
      "fullHome": 116.6,
      "fullHomeRank": 10,
      "fullAway": 117.9,
      "fullAwayRank": 10,
      "q1": 29.6,
      "q1Rank": 13,
      "q1Home": 28.8,
      "q1HomeRank": 13,
      "q1Away": 30.4,
      "q1AwayRank": 13,
      "half": 60.2,
      "halfRank": 3,
      "halfHome": 59.4,
      "halfHomeRank": 3,
      "halfAway": 61,
      "halfAwayRank": 3,
      "pace": 104.5,
      "paceRank": 14,
      "oppPpg": 110,
      "oppPpgRank": 2,
      "oppPpgHome": 107.1,
      "oppPpgHomeRank": 2,
      "oppPpgAway": 113,
      "oppPpgAwayRank": 2,
      "oppQ1": 28.3,
      "oppQ1Rank": 8,
      "oppHalf": 55.7,
      "oppHalfRank": 6
    },
    "Spurs": {
      "full": 117.1,
      "fullRank": 11,
      "fullHome": 117.9,
      "fullHomeRank": 11,
      "fullAway": 116.5,
      "fullAwayRank": 11,
      "q1": 30.5,
      "q1Rank": 5,
      "q1Home": 29.9,
      "q1HomeRank": 5,
      "q1Away": 31,
      "q1AwayRank": 5,
      "half": 60.2,
      "halfRank": 4,
      "halfHome": 59.2,
      "halfHomeRank": 4,
      "halfAway": 61,
      "halfAwayRank": 4,
      "pace": 103.3,
      "paceRank": 19,
      "oppPpg": 112.3,
      "oppPpgRank": 7,
      "oppPpgHome": 111.4,
      "oppPpgHomeRank": 7,
      "oppPpgAway": 113.2,
      "oppPpgAwayRank": 7,
      "oppQ1": 27.9,
      "oppQ1Rank": 5,
      "oppHalf": 55.4,
      "oppHalfRank": 5
    },
    "76ers": {
      "full": 116.6,
      "fullRank": 12,
      "fullHome": 116.6,
      "fullHomeRank": 12,
      "fullAway": 116.7,
      "fullAwayRank": 12,
      "q1": 30.8,
      "q1Rank": 2,
      "q1Home": 30.8,
      "q1HomeRank": 2,
      "q1Away": 30.9,
      "q1AwayRank": 2,
      "half": 60.9,
      "halfRank": 2,
      "halfHome": 60.2,
      "halfHomeRank": 2,
      "halfAway": 61.9,
      "halfAwayRank": 2,
      "pace": 104.8,
      "paceRank": 11,
      "oppPpg": 115.9,
      "oppPpgRank": 15,
      "oppPpgHome": 116.7,
      "oppPpgHomeRank": 15,
      "oppPpgAway": 115,
      "oppPpgAwayRank": 15,
      "oppQ1": 30.6,
      "oppQ1Rank": 23,
      "oppHalf": 58.4,
      "oppHalfRank": 14
    },
    "Warriors": {
      "full": 116.5,
      "fullRank": 13,
      "fullHome": 120.2,
      "fullHomeRank": 13,
      "fullAway": 113,
      "fullAwayRank": 13,
      "q1": 27.8,
      "q1Rank": 28,
      "q1Home": 29.6,
      "q1HomeRank": 28,
      "q1Away": 26,
      "q1AwayRank": 28,
      "half": 56.6,
      "halfRank": 26,
      "halfHome": 59.5,
      "halfHomeRank": 26,
      "halfAway": 53.8,
      "halfAwayRank": 26,
      "pace": 103.9,
      "paceRank": 16,
      "oppPpg": 113.6,
      "oppPpgRank": 10,
      "oppPpgHome": 112.9,
      "oppPpgHomeRank": 10,
      "oppPpgAway": 114.3,
      "oppPpgAwayRank": 10,
      "oppQ1": 28.7,
      "oppQ1Rank": 12,
      "oppHalf": 56.3,
      "oppHalfRank": 7
    },
    "Celtics": {
      "full": 116.4,
      "fullRank": 14,
      "fullHome": 116,
      "fullHomeRank": 14,
      "fullAway": 116.8,
      "fullAwayRank": 14,
      "q1": 30.1,
      "q1Rank": 8,
      "q1Home": 29.8,
      "q1HomeRank": 8,
      "q1Away": 30.4,
      "q1AwayRank": 8,
      "half": 59.6,
      "halfRank": 8,
      "halfHome": 58.8,
      "halfHomeRank": 8,
      "halfAway": 60.4,
      "halfAwayRank": 8,
      "pace": 99.8,
      "paceRank": 30,
      "oppPpg": 110.1,
      "oppPpgRank": 3,
      "oppPpgHome": 110.1,
      "oppPpgHomeRank": 3,
      "oppPpgAway": 110,
      "oppPpgAwayRank": 3,
      "oppQ1": 27.8,
      "oppQ1Rank": 3,
      "oppHalf": 55.4,
      "oppHalfRank": 4
    },
    "Rockets": {
      "full": 116.3,
      "fullRank": 15,
      "fullHome": 115.6,
      "fullHomeRank": 15,
      "fullAway": 116.9,
      "fullAwayRank": 15,
      "q1": 29.6,
      "q1Rank": 14,
      "q1Home": 29,
      "q1HomeRank": 14,
      "q1Away": 30,
      "q1AwayRank": 14,
      "half": 57.8,
      "halfRank": 18,
      "halfHome": 58.8,
      "halfHomeRank": 18,
      "halfAway": 57,
      "halfAwayRank": 18,
      "pace": 101.4,
      "paceRank": 26,
      "oppPpg": 110.5,
      "oppPpgRank": 4,
      "oppPpgHome": 107.8,
      "oppPpgHomeRank": 4,
      "oppPpgAway": 112.7,
      "oppPpgAwayRank": 4,
      "oppQ1": 26.7,
      "oppQ1Rank": 2,
      "oppHalf": 54.7,
      "oppHalfRank": 2
    },
    "Hornets": {
      "full": 116.2,
      "fullRank": 16,
      "fullHome": 114.7,
      "fullHomeRank": 16,
      "fullAway": 117.5,
      "fullAwayRank": 16,
      "q1": 30.6,
      "q1Rank": 4,
      "q1Home": 30.6,
      "q1HomeRank": 4,
      "q1Away": 30.5,
      "q1AwayRank": 4,
      "half": 59.1,
      "halfRank": 11,
      "halfHome": 60.2,
      "halfHomeRank": 11,
      "halfAway": 58.1,
      "halfAwayRank": 11,
      "pace": 102.4,
      "paceRank": 21,
      "oppPpg": 114.6,
      "oppPpgRank": 12,
      "oppPpgHome": 115,
      "oppPpgHomeRank": 12,
      "oppPpgAway": 114.3,
      "oppPpgAwayRank": 12,
      "oppQ1": 30.8,
      "oppQ1Rank": 24,
      "oppHalf": 57,
      "oppHalfRank": 11
    },
    "Lakers": {
      "full": 115.9,
      "fullRank": 17,
      "fullHome": 120.1,
      "fullHomeRank": 17,
      "fullAway": 112.7,
      "fullAwayRank": 17,
      "q1": 29.8,
      "q1Rank": 10,
      "q1Home": 31.2,
      "q1HomeRank": 10,
      "q1Away": 28.8,
      "q1AwayRank": 10,
      "half": 59.2,
      "halfRank": 10,
      "halfHome": 62.1,
      "halfHomeRank": 10,
      "halfAway": 56.9,
      "halfAwayRank": 10,
      "pace": 101.8,
      "paceRank": 25,
      "oppPpg": 116.5,
      "oppPpgRank": 20,
      "oppPpgHome": 118,
      "oppPpgHomeRank": 20,
      "oppPpgAway": 115.4,
      "oppPpgAwayRank": 20,
      "oppQ1": 31.3,
      "oppQ1Rank": 28,
      "oppHalf": 61,
      "oppHalfRank": 27
    },
    "Trail Blazers": {
      "full": 115.5,
      "fullRank": 18,
      "fullHome": 116.9,
      "fullHomeRank": 18,
      "fullAway": 114.2,
      "fullAwayRank": 18,
      "q1": 29.3,
      "q1Rank": 17,
      "q1Home": 29.8,
      "q1HomeRank": 17,
      "q1Away": 28.8,
      "q1AwayRank": 17,
      "half": 58.4,
      "halfRank": 13,
      "halfHome": 59.2,
      "halfHomeRank": 13,
      "halfAway": 57.7,
      "halfAwayRank": 13,
      "pace": 105.5,
      "paceRank": 5,
      "oppPpg": 117.4,
      "oppPpgRank": 22,
      "oppPpgHome": 116.3,
      "oppPpgHomeRank": 22,
      "oppPpgAway": 118.6,
      "oppPpgAwayRank": 22,
      "oppQ1": 30.5,
      "oppQ1Rank": 22,
      "oppHalf": 59.8,
      "oppHalfRank": 25
    },
    "Magic": {
      "full": 115.4,
      "fullRank": 19,
      "fullHome": 114.8,
      "fullHomeRank": 19,
      "fullAway": 115.9,
      "fullAwayRank": 19,
      "q1": 29.3,
      "q1Rank": 19,
      "q1Home": 28.3,
      "q1HomeRank": 19,
      "q1Away": 30.2,
      "q1AwayRank": 19,
      "half": 58.4,
      "halfRank": 14,
      "halfHome": 56.1,
      "halfHomeRank": 14,
      "halfAway": 60.4,
      "halfAwayRank": 14,
      "pace": 103.8,
      "paceRank": 17,
      "oppPpg": 115.6,
      "oppPpgRank": 14,
      "oppPpgHome": 113.9,
      "oppPpgHomeRank": 14,
      "oppPpgAway": 117,
      "oppPpgAwayRank": 14,
      "oppQ1": 29.5,
      "oppQ1Rank": 15,
      "oppHalf": 58.9,
      "oppHalfRank": 18
    },
    "Grizzlies": {
      "full": 114.8,
      "fullRank": 20,
      "fullHome": 116.1,
      "fullHomeRank": 20,
      "fullAway": 113.3,
      "fullAwayRank": 20,
      "q1": 29.3,
      "q1Rank": 18,
      "q1Home": 29.3,
      "q1HomeRank": 18,
      "q1Away": 29.4,
      "q1AwayRank": 18,
      "half": 58.4,
      "halfRank": 15,
      "halfHome": 59.9,
      "halfHomeRank": 15,
      "halfAway": 56.8,
      "halfAwayRank": 15,
      "pace": 105.1,
      "paceRank": 6,
      "oppPpg": 116.3,
      "oppPpgRank": 19,
      "oppPpgHome": 116,
      "oppPpgHomeRank": 19,
      "oppPpgAway": 116.7,
      "oppPpgAwayRank": 19,
      "oppQ1": 29.7,
      "oppQ1Rank": 18,
      "oppHalf": 58.6,
      "oppHalfRank": 15
    },
    "Pelicans": {
      "full": 114.4,
      "fullRank": 21,
      "fullHome": 117.4,
      "fullHomeRank": 21,
      "fullAway": 111,
      "fullAwayRank": 21,
      "q1": 28.5,
      "q1Rank": 26,
      "q1Home": 30.3,
      "q1HomeRank": 26,
      "q1Away": 26.4,
      "q1AwayRank": 26,
      "half": 57,
      "halfRank": 23,
      "halfHome": 58.7,
      "halfHomeRank": 23,
      "halfAway": 55.1,
      "halfAwayRank": 23,
      "pace": 104.8,
      "paceRank": 10,
      "oppPpg": 121.2,
      "oppPpgRank": 28,
      "oppPpgHome": 122.2,
      "oppPpgHomeRank": 28,
      "oppPpgAway": 120,
      "oppPpgAwayRank": 28,
      "oppQ1": 31,
      "oppQ1Rank": 26,
      "oppHalf": 60.7,
      "oppHalfRank": 26
    },
    "Mavericks": {
      "full": 114.1,
      "fullRank": 22,
      "fullHome": 115.6,
      "fullHomeRank": 22,
      "fullAway": 112,
      "fullAwayRank": 22,
      "q1": 28.8,
      "q1Rank": 24,
      "q1Home": 29.3,
      "q1HomeRank": 24,
      "q1Away": 28.1,
      "q1AwayRank": 24,
      "half": 56.3,
      "halfRank": 27,
      "halfHome": 55.9,
      "halfHomeRank": 27,
      "halfAway": 56.8,
      "halfAwayRank": 27,
      "pace": 106.2,
      "paceRank": 3,
      "oppPpg": 116.6,
      "oppPpgRank": 21,
      "oppPpgHome": 115.8,
      "oppPpgHomeRank": 21,
      "oppPpgAway": 117.7,
      "oppPpgAwayRank": 21,
      "oppQ1": 30.4,
      "oppQ1Rank": 21,
      "oppHalf": 58.8,
      "oppHalfRank": 16
    },
    "Suns": {
      "full": 114,
      "fullRank": 23,
      "fullHome": 115,
      "fullHomeRank": 23,
      "fullAway": 113.2,
      "fullAwayRank": 23,
      "q1": 28.7,
      "q1Rank": 25,
      "q1Home": 27.7,
      "q1HomeRank": 25,
      "q1Away": 29.5,
      "q1AwayRank": 25,
      "half": 58.5,
      "halfRank": 12,
      "halfHome": 57.4,
      "halfHomeRank": 12,
      "halfAway": 59.4,
      "halfAwayRank": 12,
      "pace": 102.1,
      "paceRank": 22,
      "oppPpg": 111.6,
      "oppPpgRank": 5,
      "oppPpgHome": 108,
      "oppPpgHomeRank": 5,
      "oppPpgAway": 114.5,
      "oppPpgAwayRank": 5,
      "oppQ1": 27.9,
      "oppQ1Rank": 6,
      "oppHalf": 57,
      "oppHalfRank": 12
    },
    "Raptors": {
      "full": 113.6,
      "fullRank": 24,
      "fullHome": 113.5,
      "fullHomeRank": 24,
      "fullAway": 113.6,
      "fullAwayRank": 24,
      "q1": 28.8,
      "q1Rank": 23,
      "q1Home": 28.3,
      "q1HomeRank": 23,
      "q1Away": 29.4,
      "q1AwayRank": 23,
      "half": 56.8,
      "halfRank": 24,
      "halfHome": 57.8,
      "halfHomeRank": 24,
      "halfAway": 55.8,
      "halfAwayRank": 24,
      "pace": 102.6,
      "paceRank": 20,
      "oppPpg": 112.1,
      "oppPpgRank": 6,
      "oppPpgHome": 113.1,
      "oppPpgHomeRank": 6,
      "oppPpgAway": 111.1,
      "oppPpgAwayRank": 6,
      "oppQ1": 28.2,
      "oppQ1Rank": 7,
      "oppHalf": 56.6,
      "oppHalfRank": 10
    },
    "Clippers": {
      "full": 112.7,
      "fullRank": 25,
      "fullHome": 114.5,
      "fullHomeRank": 25,
      "fullAway": 111,
      "fullAwayRank": 25,
      "q1": 29.7,
      "q1Rank": 12,
      "q1Home": 31.3,
      "q1HomeRank": 12,
      "q1Away": 28.1,
      "q1AwayRank": 12,
      "half": 57,
      "halfRank": 22,
      "halfHome": 60.1,
      "halfHomeRank": 22,
      "halfAway": 54.2,
      "halfAwayRank": 22,
      "pace": 100.1,
      "paceRank": 29,
      "oppPpg": 112.8,
      "oppPpgRank": 9,
      "oppPpgHome": 109.8,
      "oppPpgHomeRank": 9,
      "oppPpgAway": 115.5,
      "oppPpgAwayRank": 9,
      "oppQ1": 27.8,
      "oppQ1Rank": 4,
      "oppHalf": 54.8,
      "oppHalfRank": 3
    },
    "Wizards": {
      "full": 112.3,
      "fullRank": 26,
      "fullHome": 114.5,
      "fullHomeRank": 26,
      "fullAway": 110.3,
      "fullAwayRank": 26,
      "q1": 28.9,
      "q1Rank": 22,
      "q1Home": 29.1,
      "q1HomeRank": 22,
      "q1Away": 28.6,
      "q1AwayRank": 22,
      "half": 57.4,
      "halfRank": 21,
      "halfHome": 58.8,
      "halfHomeRank": 21,
      "halfAway": 56.1,
      "halfAwayRank": 21,
      "pace": 104.9,
      "paceRank": 8,
      "oppPpg": 122.8,
      "oppPpgRank": 29,
      "oppPpgHome": 123.3,
      "oppPpgHomeRank": 29,
      "oppPpgAway": 122.3,
      "oppPpgAwayRank": 29,
      "oppQ1": 31.8,
      "oppQ1Rank": 29,
      "oppHalf": 62.6,
      "oppHalfRank": 29
    },
    "Bucks": {
      "full": 112.1,
      "fullRank": 27,
      "fullHome": 115.1,
      "fullHomeRank": 27,
      "fullAway": 109.5,
      "fullAwayRank": 27,
      "q1": 27.7,
      "q1Rank": 29,
      "q1Home": 27,
      "q1HomeRank": 29,
      "q1Away": 28.3,
      "q1AwayRank": 29,
      "half": 55.7,
      "halfRank": 28,
      "halfHome": 55.5,
      "halfHomeRank": 28,
      "halfAway": 55.8,
      "halfAwayRank": 28,
      "pace": 101.8,
      "paceRank": 24,
      "oppPpg": 116,
      "oppPpgRank": 16,
      "oppPpgHome": 117.2,
      "oppPpgHomeRank": 16,
      "oppPpgAway": 114.9,
      "oppPpgAwayRank": 16,
      "oppQ1": 29.4,
      "oppQ1Rank": 14,
      "oppHalf": 59.5,
      "oppHalfRank": 23
    },
    "Kings": {
      "full": 110.5,
      "fullRank": 28,
      "fullHome": 110.9,
      "fullHomeRank": 28,
      "fullAway": 110,
      "fullAwayRank": 28,
      "q1": 28.9,
      "q1Rank": 21,
      "q1Home": 28.9,
      "q1HomeRank": 21,
      "q1Away": 28.8,
      "q1AwayRank": 21,
      "half": 56.6,
      "halfRank": 25,
      "halfHome": 55.1,
      "halfHomeRank": 25,
      "halfAway": 58.3,
      "halfAwayRank": 25,
      "pace": 103.8,
      "paceRank": 18,
      "oppPpg": 120.8,
      "oppPpgRank": 27,
      "oppPpgHome": 117.9,
      "oppPpgHomeRank": 27,
      "oppPpgAway": 123.9,
      "oppPpgAwayRank": 27,
      "oppQ1": 31.1,
      "oppQ1Rank": 27,
      "oppHalf": 61.5,
      "oppHalfRank": 28
    },
    "Pacers": {
      "full": 110.3,
      "fullRank": 29,
      "fullHome": 113,
      "fullHomeRank": 29,
      "fullAway": 107.3,
      "fullAwayRank": 29,
      "q1": 28,
      "q1Rank": 27,
      "q1Home": 28.3,
      "q1HomeRank": 27,
      "q1Away": 27.6,
      "q1AwayRank": 27,
      "half": 55,
      "halfRank": 29,
      "halfHome": 57,
      "halfHomeRank": 29,
      "halfAway": 53,
      "halfAwayRank": 29,
      "pace": 104.5,
      "paceRank": 13,
      "oppPpg": 118.3,
      "oppPpgRank": 23,
      "oppPpgHome": 116.2,
      "oppPpgHomeRank": 23,
      "oppPpgAway": 120.6,
      "oppPpgAwayRank": 23,
      "oppQ1": 29.5,
      "oppQ1Rank": 16,
      "oppHalf": 59.4,
      "oppHalfRank": 22
    },
    "Nets": {
      "full": 107.8,
      "fullRank": 30,
      "fullHome": 109.7,
      "fullHomeRank": 30,
      "fullAway": 105.7,
      "fullAwayRank": 30,
      "q1": 27.1,
      "q1Rank": 30,
      "q1Home": 27.9,
      "q1HomeRank": 30,
      "q1Away": 26.3,
      "q1AwayRank": 30,
      "half": 54.3,
      "halfRank": 30,
      "halfHome": 54.3,
      "halfHomeRank": 30,
      "halfAway": 54.3,
      "halfAwayRank": 30,
      "pace": 100.3,
      "paceRank": 28,
      "oppPpg": 114.9,
      "oppPpgRank": 13,
      "oppPpgHome": 114.3,
      "oppPpgHomeRank": 13,
      "oppPpgAway": 115.5,
      "oppPpgAwayRank": 13,
      "oppQ1": 30.1,
      "oppQ1Rank": 20,
      "oppHalf": 59.1,
      "oppHalfRank": 19
    }
  },
  "leagueAverages": {
    "pace": 103.7,
    "ppg": 115.7
  },
  "lastUpdated": "2026-01-29T19:39:15.650Z",
  "source": "TeamRankings.com",
  "version": "6.0",
  "scrapedDate": "2026-01-29",
  "features": [
    "PPG",
    "Q1",
    "1H",
    "Home/Away",
    "PACE",
    "DefRating"
  ]
}